{
  "PRECISION": 0.48786092887060306,
  "RECALL": 0.938032284502726,
  "F1": 0.6418843954596993,
  "AUPR_MEAN": 0.5604445980191628,
  "AUPR_STD": 0.161218230451204,
  "TP": 26324,
  "TN": 10369,
  "FP": 27634,
  "FN": 1739,
  "TOTAL_DATASETS": 14
}