{
  "TOTAL_TIME": 16449.609224319458,
  "AVG_TIME": 1174.9720874513898,
  "MAX_GPU_MEM_MB": 5926.61,
  "DATASET_COUNT": 14
}