{
  "PRECISION": 0.345786206633916,
  "RECALL": 0.9611720370919253,
  "F1": 0.50860084356043,
  "AUPR_MEAN": 0.4384641670341588,
  "AUPR_STD": 0.2860992311711343,
  "TP": 45400,
  "TN": 11613,
  "FP": 85895,
  "FN": 1834,
  "TOTAL_DATASETS": 14
}