{
  "PRECISION": 0.22319214015898475,
  "RECALL": 0.8767774143570322,
  "F1": 0.3558095344548148,
  "AUPR_MEAN": 0.2925959957721492,
  "AUPR_STD": 0.2888068882377039,
  "TP": 25466,
  "TN": 28499,
  "FP": 88633,
  "FN": 3579,
  "TOTAL_DATASETS": 14
}