{
  "PRECISION": 0.6597961277086806,
  "RECALL": 0.970587195114763,
  "F1": 0.7855694596180542,
  "AUPR_MEAN": 0.7405640053701321,
  "AUPR_STD": 0.2792411530683356,
  "TP": 82332,
  "TN": 11652,
  "FP": 42452,
  "FN": 2495,
  "TOTAL_DATASETS": 14
}