{
  "TOTAL_TIME": 33572.89075565338,
  "AVG_TIME": 2398.063625403813,
  "MAX_GPU_MEM_MB": 316.46,
  "DATASET_COUNT": 14
}