{
  "TOTAL_TIME": 40879.955402851105,
  "AVG_TIME": 2919.9968144893646,
  "MAX_GPU_MEM_MB": 1715.25,
  "DATASET_COUNT": 14
}