{
  "TOTAL_TIME": 39085.515637397766,
  "AVG_TIME": 2791.822545528412,
  "MAX_GPU_MEM_MB": 596.48,
  "DATASET_COUNT": 14
}